Winnipeg to Toronto,Monday  March 25 at 10:00pm,North York
Winnipeg to Thunder Bay,Monday  March 25 at 10:00pm,Thunder Bay  ON  Canada
Winnipeg to Sault Ste. Marie,Monday  March 25 at 10:00pm,Sault Ste. Marie  Ontario  Canada
Winnipeg to Sudbury,Monday  March 25 at 10:00pm,Sudbury  ON  Canada
Winnipeg to Toronto,Monday  March 25 at 10:00pm,Toronto  ON  Canada
Winnipeg to Winnipeg,Tuesday  March 26 at 4:30am,Midland St
Winnipeg to Winnipeg,Tuesday  March 26 at 4:30am,Marion St
Winnipeg to Winnipeg,Tuesday  March 26 at 4:30am,Provencher Blvd
Winnipeg to Winnipeg,Tuesday  March 26 at 4:30am,Notre Dame Ave
Winnipeg to Winnipeg,Tuesday  March 26 at 4:30am,Forks Market Rd
Winnipeg to Winnipeg,Tuesday  March 26 at 4:30am,Winnipeg Richardson International Airpor...
Winnipeg to Winnipeg,Tuesday  March 26 at 4:45am,Midland St
Winnipeg to Winnipeg,Tuesday  March 26 at 4:45am,Provencher Blvd
Winnipeg to Winnipeg,Tuesday  March 26 at 4:45am,Notre Dame Ave
Winnipeg to Winnipeg,Tuesday  March 26 at 4:45am,Forks Market Rd
Winnipeg to Winnipeg,Tuesday  March 26 at 4:45am,Winnipeg Richardson International Airpor...
Winnipeg to Winnipeg,Tuesday  March 26 at 5:00am,Midland St
Winnipeg to Winnipeg,Tuesday  March 26 at 5:00am,Notre Dame Ave
Winnipeg to Winnipeg,Tuesday  March 26 at 5:00am,Forks Market Rd
Winnipeg to Winnipeg,Tuesday  March 26 at 5:00am,Winnipeg Richardson International Airpor...
Winnipeg to Winnipeg,Tuesday  March 26 at 5:15am,Midland St
Winnipeg to Winnipeg,Tuesday  March 26 at 5:15am,Notre Dame Ave
Winnipeg to Winnipeg,Tuesday  March 26 at 5:15am,Winnipeg Richardson International Airpor...
Winnipeg to Winnipeg,Tuesday  March 26 at 5:30am,Midland St
Winnipeg to Winnipeg,Tuesday  March 26 at 5:30am,Winnipeg Richardson International Airpor...
Winnipeg to Winnipeg,Tuesday  March 26 at 5:45am,Midland St
Winnipeg to Selkirk,Tuesday  March 26 at 7:00am,120 Easton Dr
Winnipeg to Portage la Prairie,Tuesday  March 26 at 7:15am,Portage la Prairie  MB  Canada
Winnipeg to Portage la Prairie,Tuesday  March 26 at 10:00am,Portage la Prairie  MB  Canada
Winnipeg to Winnipeg,Tuesday  March 26 at 1:00pm,Marion St
Winnipeg to Winnipeg,Tuesday  March 26 at 1:00pm,Provencher Blvd
Winnipeg to Winnipeg,Tuesday  March 26 at 1:00pm,Forks Market Rd
Winnipeg to Winnipeg,Tuesday  March 26 at 1:00pm,Notre Dame Ave
Winnipeg to Winnipeg,Tuesday  March 26 at 1:00pm,Winnipeg Richardson International Airpor...
Winnipeg to Winnipeg,Tuesday  March 26 at 1:00pm,Guilbault St
Winnipeg to Winnipeg,Tuesday  March 26 at 1:15pm,Guilbault St
Winnipeg to Winnipeg,Tuesday  March 26 at 1:15pm,Marion St
Winnipeg to Winnipeg,Tuesday  March 26 at 1:15pm,Provencher Blvd
Winnipeg to Winnipeg,Tuesday  March 26 at 1:15pm,Forks Market Rd
Winnipeg to Winnipeg,Tuesday  March 26 at 1:15pm,Notre Dame Ave
Winnipeg to Winnipeg,Tuesday  March 26 at 1:30pm,Guilbault St
Winnipeg to Winnipeg,Tuesday  March 26 at 1:30pm,Marion St
Winnipeg to Winnipeg,Tuesday  March 26 at 1:30pm,Provencher Blvd
Winnipeg to Winnipeg,Tuesday  March 26 at 1:30pm,Forks Market Rd
Winnipeg to Winnipeg,Tuesday  March 26 at 1:45pm,Guilbault St
Winnipeg to Winnipeg,Tuesday  March 26 at 1:45pm,Marion St
Winnipeg to Winnipeg,Tuesday  March 26 at 1:45pm,Provencher Blvd
Winnipeg to Winnipeg,Tuesday  March 26 at 2:00pm,Guilbault St
Winnipeg to Winnipeg,Tuesday  March 26 at 2:00pm,Marion St
Winnipeg to Winnipeg,Tuesday  March 26 at 2:15pm,Guilbault St
Winnipeg to Toronto,Tuesday  March 26 at 8:30pm,Toronto  ON  Canada
Winnipeg to Winnipeg,Wednesday  March 27 at 4:30am,Midland St
Winnipeg to Winnipeg,Wednesday  March 27 at 4:30am,Marion St
Winnipeg to Winnipeg,Wednesday  March 27 at 4:30am,Provencher Blvd
Winnipeg to Winnipeg,Wednesday  March 27 at 4:30am,Notre Dame Ave
Winnipeg to Winnipeg,Wednesday  March 27 at 4:30am,Forks Market Rd
Winnipeg to Winnipeg,Wednesday  March 27 at 4:30am,Winnipeg Richardson International Airpor...
Winnipeg to Winnipeg,Wednesday  March 27 at 4:45am,Midland St
Winnipeg to Winnipeg,Wednesday  March 27 at 4:45am,Provencher Blvd
Winnipeg to Winnipeg,Wednesday  March 27 at 4:45am,Notre Dame Ave
Winnipeg to Winnipeg,Wednesday  March 27 at 4:45am,Forks Market Rd
Winnipeg to Winnipeg,Wednesday  March 27 at 4:45am,Winnipeg Richardson International Airpor...
Winnipeg to Winnipeg,Wednesday  March 27 at 5:00am,Midland St
Winnipeg to Winnipeg,Wednesday  March 27 at 5:00am,Notre Dame Ave
Winnipeg to Winnipeg,Wednesday  March 27 at 5:00am,Forks Market Rd
Winnipeg to Winnipeg,Wednesday  March 27 at 5:00am,Winnipeg Richardson International Airpor...
Winnipeg to Winnipeg,Wednesday  March 27 at 5:15am,Midland St
Winnipeg to Winnipeg,Wednesday  March 27 at 5:15am,Notre Dame Ave
Winnipeg to Winnipeg,Wednesday  March 27 at 5:15am,Winnipeg Richardson International Airpor...
Winnipeg to Winnipeg,Wednesday  March 27 at 5:30am,Midland St
Winnipeg to Winnipeg,Wednesday  March 27 at 5:30am,Winnipeg Richardson International Airpor...
Winnipeg to Winnipeg,Wednesday  March 27 at 5:45am,Midland St
Winnipeg to Regina,Wednesday  March 27 at 7:00am,Regina  SK  Canada
Winnipeg to Brampton,Wednesday  March 27 at 7:00am,Brampton  ON  Canada
Winnipeg to Selkirk,Wednesday  March 27 at 7:00am,120 Easton Dr
Winnipeg to Portage la Prairie,Wednesday  March 27 at 7:15am,Portage la Prairie  MB  Canada
Winnipeg to Surrey,Wednesday  March 27 at 11:45am,Surrey  BC  Canada
Winnipeg to Kamloops,Wednesday  March 27 at 11:45am,Kamloops  BC  Canada
Winnipeg to Banff,Wednesday  March 27 at 11:45am,Banff  AB  Canada
Winnipeg to Calgary,Wednesday  March 27 at 11:45am,Calgary  AB  Canada
Winnipeg to Regina,Wednesday  March 27 at 11:45am,Regina  SK  Canada
Winnipeg to Winnipeg,Wednesday  March 27 at 1:00pm,Marion St
Winnipeg to Winnipeg,Wednesday  March 27 at 1:00pm,Provencher Blvd
Winnipeg to Winnipeg,Wednesday  March 27 at 1:00pm,Forks Market Rd
Winnipeg to Winnipeg,Wednesday  March 27 at 1:00pm,Notre Dame Ave
Winnipeg to Winnipeg,Wednesday  March 27 at 1:00pm,Winnipeg Richardson International Airpor...
Winnipeg to Winnipeg,Wednesday  March 27 at 1:00pm,Guilbault St
Winnipeg to Winnipeg,Wednesday  March 27 at 1:15pm,Guilbault St
Winnipeg to Winnipeg,Wednesday  March 27 at 1:15pm,Marion St
Winnipeg to Winnipeg,Wednesday  March 27 at 1:15pm,Provencher Blvd
Winnipeg to Winnipeg,Wednesday  March 27 at 1:15pm,Forks Market Rd
Winnipeg to Winnipeg,Wednesday  March 27 at 1:15pm,Notre Dame Ave
Winnipeg to Winnipeg,Wednesday  March 27 at 1:30pm,Guilbault St
Winnipeg to Winnipeg,Wednesday  March 27 at 1:30pm,Marion St
Winnipeg to Winnipeg,Wednesday  March 27 at 1:30pm,Provencher Blvd
Winnipeg to Winnipeg,Wednesday  March 27 at 1:30pm,Forks Market Rd
Winnipeg to Winnipeg,Wednesday  March 27 at 1:45pm,Guilbault St
Winnipeg to Winnipeg,Wednesday  March 27 at 1:45pm,Marion St
Winnipeg to Winnipeg,Wednesday  March 27 at 1:45pm,Provencher Blvd
Winnipeg to Winnipeg,Wednesday  March 27 at 2:00pm,Guilbault St
Winnipeg to Winnipeg,Wednesday  March 27 at 2:00pm,Marion St
Winnipeg to Winnipeg,Wednesday  March 27 at 2:15pm,Guilbault St
Winnipeg to Brandon,Wednesday  March 27 at 5:00pm,Brandon  MB  Canada
Winnipeg to Whitehorse,Thursday  March 28 at 3:15am,Whitehorse  YT  Canada
Winnipeg to Fort Nelson,Thursday  March 28 at 3:15am,Fort Nelson  BC  Canada
Winnipeg to Saskatoon,Thursday  March 28 at 3:15am,Saskatoon  SK  Canada
Winnipeg to Winnipeg,Thursday  March 28 at 4:30am,Midland St
Winnipeg to Winnipeg,Thursday  March 28 at 4:30am,Marion St
Winnipeg to Winnipeg,Thursday  March 28 at 4:30am,Provencher Blvd
Winnipeg to Winnipeg,Thursday  March 28 at 4:30am,Notre Dame Ave
Winnipeg to Winnipeg,Thursday  March 28 at 4:30am,Forks Market Rd
Winnipeg to Winnipeg,Thursday  March 28 at 4:30am,Winnipeg Richardson International Airpor...
Winnipeg to Winnipeg,Thursday  March 28 at 4:45am,Midland St
Winnipeg to Winnipeg,Thursday  March 28 at 4:45am,Provencher Blvd
Winnipeg to Winnipeg,Thursday  March 28 at 4:45am,Notre Dame Ave
Winnipeg to Winnipeg,Thursday  March 28 at 4:45am,Forks Market Rd
Winnipeg to Winnipeg,Thursday  March 28 at 4:45am,Winnipeg Richardson International Airpor...
Winnipeg to Winnipeg,Thursday  March 28 at 5:00am,Midland St
Winnipeg to Winnipeg,Thursday  March 28 at 5:00am,Notre Dame Ave
Winnipeg to Winnipeg,Thursday  March 28 at 5:00am,Forks Market Rd
Winnipeg to Winnipeg,Thursday  March 28 at 5:00am,Winnipeg Richardson International Airpor...
Winnipeg to Winnipeg,Thursday  March 28 at 5:15am,Midland St
Winnipeg to Winnipeg,Thursday  March 28 at 5:15am,Notre Dame Ave
Winnipeg to Winnipeg,Thursday  March 28 at 5:15am,Winnipeg Richardson International Airpor...
Winnipeg to Winnipeg,Thursday  March 28 at 5:30am,Midland St
Winnipeg to Winnipeg,Thursday  March 28 at 5:30am,Winnipeg Richardson International Airpor...
Winnipeg to Winnipeg,Thursday  March 28 at 5:45am,Midland St
Winnipeg to Selkirk,Thursday  March 28 at 7:00am,120 Easton Dr
Winnipeg to Winnipeg,Thursday  March 28 at 1:00pm,Marion St
Winnipeg to Winnipeg,Thursday  March 28 at 1:00pm,Provencher Blvd
Winnipeg to Winnipeg,Thursday  March 28 at 1:00pm,Forks Market Rd
Winnipeg to Winnipeg,Thursday  March 28 at 1:00pm,Notre Dame Ave
Winnipeg to Winnipeg,Thursday  March 28 at 1:00pm,Winnipeg Richardson International Airpor...
Winnipeg to Winnipeg,Thursday  March 28 at 1:00pm,Guilbault St
Winnipeg to Winnipeg,Thursday  March 28 at 1:15pm,Guilbault St
Winnipeg to Winnipeg,Thursday  March 28 at 1:15pm,Marion St
Winnipeg to Winnipeg,Thursday  March 28 at 1:15pm,Provencher Blvd
Winnipeg to Winnipeg,Thursday  March 28 at 1:15pm,Forks Market Rd
Winnipeg to Winnipeg,Thursday  March 28 at 1:15pm,Notre Dame Ave
Winnipeg to Winnipeg,Thursday  March 28 at 1:30pm,Guilbault St
Winnipeg to Winnipeg,Thursday  March 28 at 1:30pm,Marion St
Winnipeg to Winnipeg,Thursday  March 28 at 1:30pm,Provencher Blvd
Winnipeg to Winnipeg,Thursday  March 28 at 1:30pm,Forks Market Rd
Winnipeg to Winnipeg,Thursday  March 28 at 1:45pm,Guilbault St
Winnipeg to Winnipeg,Thursday  March 28 at 1:45pm,Marion St
Winnipeg to Winnipeg,Thursday  March 28 at 1:45pm,Provencher Blvd
Winnipeg to Winnipeg,Thursday  March 28 at 2:00pm,Guilbault St
Winnipeg to Winnipeg,Thursday  March 28 at 2:00pm,Marion St
Winnipeg to Winnipeg,Thursday  March 28 at 2:15pm,Guilbault St
Winnipeg to Brandon,Thursday  March 28 at 5:00pm,Brandon  MB  Canada
Winnipeg to Winnipeg,Friday  March 29 at 4:30am,Midland St
Winnipeg to Winnipeg,Friday  March 29 at 4:30am,Marion St
Winnipeg to Winnipeg,Friday  March 29 at 4:30am,Provencher Blvd
Winnipeg to Winnipeg,Friday  March 29 at 4:30am,Notre Dame Ave
Winnipeg to Winnipeg,Friday  March 29 at 4:30am,Forks Market Rd
Winnipeg to Winnipeg,Friday  March 29 at 4:30am,Winnipeg Richardson International Airpor...
Winnipeg to Winnipeg,Friday  March 29 at 4:45am,Midland St
Winnipeg to Winnipeg,Friday  March 29 at 4:45am,Provencher Blvd
Winnipeg to Winnipeg,Friday  March 29 at 4:45am,Notre Dame Ave
Winnipeg to Winnipeg,Friday  March 29 at 4:45am,Forks Market Rd
Winnipeg to Winnipeg,Friday  March 29 at 4:45am,Winnipeg Richardson International Airpor...
Winnipeg to Winnipeg,Friday  March 29 at 5:00am,Midland St
Winnipeg to Winnipeg,Friday  March 29 at 5:00am,Notre Dame Ave
Winnipeg to Winnipeg,Friday  March 29 at 5:00am,Forks Market Rd
Winnipeg to Winnipeg,Friday  March 29 at 5:00am,Winnipeg Richardson International Airpor...
Winnipeg to Winnipeg,Friday  March 29 at 5:15am,Midland St
Winnipeg to Winnipeg,Friday  March 29 at 5:15am,Notre Dame Ave
Winnipeg to Winnipeg,Friday  March 29 at 5:15am,Winnipeg Richardson International Airpor...
Winnipeg to Winnipeg,Friday  March 29 at 5:30am,Midland St
Winnipeg to Winnipeg,Friday  March 29 at 5:30am,Winnipeg Richardson International Airpor...
Winnipeg to Winnipeg,Friday  March 29 at 5:45am,Midland St
Winnipeg to Edmonton,Friday  March 29 at 6:15am,Edmonton  AB  Canada
Winnipeg to Crowsnest Pass,Friday  March 29 at 7:00am,Blairmore
Winnipeg to Selkirk,Friday  March 29 at 7:00am,120 Easton Dr
Winnipeg to Portage la Prairie,Friday  March 29 at 7:15am,Portage la Prairie  MB  Canada
Winnipeg to Medicine Hat,Friday  March 29 at 10:00am,Medicine Hat  AB  Canada
Winnipeg to Moose Jaw,Friday  March 29 at 10:00am,Moose Jaw  SK  Canada
Winnipeg to Regina,Friday  March 29 at 10:00am,Regina  SK  Canada
Winnipeg to Brandon,Friday  March 29 at 10:00am,Brandon  MB  Canada
Winnipeg to Portage la Prairie,Friday  March 29 at 10:00am,Portage la Prairie  MB  Canada
Winnipeg to Calgary,Friday  March 29 at 10:00am,Calgary  AB  Canada
Winnipeg to Winnipeg,Friday  March 29 at 1:00pm,Marion St
Winnipeg to Winnipeg,Friday  March 29 at 1:00pm,Provencher Blvd
Winnipeg to Winnipeg,Friday  March 29 at 1:00pm,Forks Market Rd
Winnipeg to Winnipeg,Friday  March 29 at 1:00pm,Notre Dame Ave
Winnipeg to Winnipeg,Friday  March 29 at 1:00pm,Winnipeg Richardson International Airpor...
Winnipeg to Winnipeg,Friday  March 29 at 1:00pm,Guilbault St
Winnipeg to Winnipeg,Friday  March 29 at 1:15pm,Guilbault St